identifier,split
13f3691074fb1,val
010ac2b27317e,val
0b28154eb09a5,train
234a7ba040336,train
219b3db3a50e5,train
164a3040c6529,test
314a746a9e266,val
1db69e22d095e,val
36a15eeddce83,val
1685c5bc56af7,val
17ac271bafae5,train
317b721e4811e,train
19e886ddf3491,train
1a194a1510938,train
17d68c408a6bb,train
02eb51837b5c9,train
3509be318e39a,train
2e5c5c87c361d,train
2f0cd1a7ecfce,train
2d7e92172c83f,train
0609d0a011be6,test
38d4ffa390678,test
0d24f83314b65,test
2c16fd4778ac7,val
0633262ba9742,val
15fcd11bab9d3,val
12001b9caa490,val
32ba663895848,train
0ae7981f8b467,train
008cfc113b044,train
2ed61628c52c9,train
01c622889e82f,train
2bedcc62a4034,train
2beadc0a5cc05,train
1bd3ef2251bec,train
2138dacae6717,train
2dfb410f6ce94,val
2d5c0e77493ef,train
38d70aaed0119,train
2147d8fd745df,train
307b225fe1f8f,train
266259c8b0676,train
18ca25b7be817,train
20692b887d75f,train
25786fb4c5a38,train
3380f49f9a54f,train
10d126f23700b,train
0a4b3f3c36bf0,test
128e9070a92c5,test
169623f1d026b,test
01677a8c49e23,val
2573d499f94ca,val
36a7ce354dcd1,val
368b2f7c5171d,val
0cc8512208a61,train
125872779946b,train
38bdff1e444b7,train
083fc13cb73df,train
03f906a4d061c,train
134d2ecc9e18a,train
1ae8077f7e95c,train
251ede3d51408,train
2961de7fa7665,train
2261d780ade21,train
04181a4e48c76,train
142054ce792a3,test
17f05521d4280,val
2bd2c386037fd,val
18ce8b922d088,train
13500e5d8f54d,train
21d03a0719cd7,train
0ce34e5cb1fc6,train
0bc9fe2b8d309,train
1fb7b306c115f,train
17301bdfc077a,train
05e923bd0bcea,train
1aec76e7024c7,train
1d1d2b0cf5585,train
375bec575b28c,train
010235c0f2854,train
1176421789a1c,test
0936e2c34baf7,test
04aa6b93318df,test
1b40ebb483a8c,test
278717fd7ffbd,val
356a3d32f6f79,val
2986f3de5b718,val
173a096038623,train
02f28b008f365,train
26238d2c66bd5,train
1f7989898ad53,train
02de62696377d,train
0e71bfa1c5093,train
37761ca7cdc9d,train
0c899af6bcedd,train
1c532173beb17,train
2bd16df494d6c,train
192d226d2a4b4,train
31f852ec82487,test
212b81f739b91,test
29505bf490243,test
275e8c0321324,test
159c255ecff95,val
35d158949d564,val
1412e4a92b427,train
0e787392340e7,train
194b224040af3,train
14748485328bb,train
35012338185b7,train
2d8060efe2ca8,train
1e0a33f8bc8ba,train
00c6d17cf3e64,train
0971be7ae18b8,train
0142d9a9eaf0e,train
085bb78becd25,train
046b2165741e6,train
22ad647733c96,test
227cf99439fff,test
24ce267deea50,test
06a700208a500,test
24b8e7800479e,val
0599c9c6d4791,val
0fc701401b5e2,val
123c1765ce37e,train
0a32f13ca7d24,train
2cd462fc77b07,train
2d9beb8ffdd60,train
2a9828acabdf5,train
14015b1dd8d5b,train
2826119945bc7,train
214750381b7e6,train
1a8451375fcbf,train
0713cfe1f5d18,train
19a4e5afefdc7,train
0c3f3455f2300,test
2e1e4a88c6451,test
1be291b20d1e0,test
2af585581970f,test
030cd320ec3dc,val
0169e3c5d5278,val
13c57998d3bb4,val
160778eb91706,train
320a0fb553113,train
25b42baf9861e,train
11f56e16983a2,train
18cb7ce97016c,train
028df6027b60e,train
23b8758e6f424,train
14a7cec86e080,train
0bba205f82b5d,train
35d6062fe1ebd,train
38aa66cc16654,train
091824de9d3ff,train
0e0e0930763bb,train
35b466a133470,test
2f97d29377f3a,test
11f72dae84b62,test
2039fb440f5b8,test
2e01a50f36e27,val
10192a52a195f,val
29d079fb67afe,val
3455181975837,train
15fc740ac2f58,train
323997a248430,train
0f2f1c2530c92,train
27a67374c04ec,train
2e43a75352083,train
330b6a7137f98,train
0f8e00513d32d,train
22065fae7b3a4,train
051c03237f78f,train
2e52cb37f4842,train
2fa0867779495,test
2b105a41225c4,test
20b3d2317585b,test
147a6fb0f5505,test
0d17c99fa7bf7,val
254ba2f399618,val
04c0a20eaa7fd,val
0db07bb58c942,train
19e03568cb144,train
1ba8a9eff5c04,train
356a203069ccf,train
08af0459f0d62,train
0d6beaf83d12b,train
14c88db80c951,train
2e403f80d3630,train
0e4a4592c0192,train
0ade738096873,train
1b789cfa8c180,train
1456b5f68803d,train
341ed4959c589,train
2c099219c8e3d,train
02784d3f6488a,train
2da3f9fb024b5,test
0901afc8de602,test
0cfe6a4c7c066,test
0cbffcd0d5537,test
1d383096229e9,val
2b8adf446c967,val
37684dcf6d0ae,val
072ff73edceba,train
30d6aab8e798a,train
05f2d8ee29d8d,train
1271982dff324,train
383bdef3a411f,train
37a8c19d6990e,train
11521f6c4641c,train
2030280f69b46,train
18a90c89170aa,train
2f4f8e765b51e,train
13ffd4c818a40,train
1aeba6d313a01,test
1fa7496dd152e,test
2a8e0187379fa,test
2fa49a108d563,test
0d5724336e042,val
2a886dc35db96,val
2a2cd1cc51398,val
05da95033ad18,train
0e5977c7b0560,train
119ed083533bf,train
1babd4839e853,train
003cf9b3646ba,train
1e76a59700d1f,train
26804c2db59d5,train
10c4e8fe2eccc,train
2304dc20caf28,train
082c0364afdf1,train
1c29c1f5ca18a,train
2bc19f13db8ba,train
2e797a3d412c9,train
380c974776b52,train
25e1d4c06bde2,test
2513df722dac7,test
2be9096f6a239,test
1cf77456d72d4,test
35a68b0bf3265,val
08f61badcb78d,val
3281aa18dcd88,val
36ea82570b13f,train
0d7ca6da5dc93,train
0f62f7c4665a2,train
01d7c08e73f9b,train
1b4a5d7ff4193,train
2647b0d17f397,train
1a6cb8096ff41,train
1968dc4175e0d,train
18383f615d3dd,train
1369214949767,train
2ef29716399cf,train
0a71c56b41dc5,test
1aaaf0e7e4533,test
14945542d8038,test
12cd7eecd47a6,test
18f938546a758,val
38a046703c01f,val
2f97dcb8ac624,val
2b9e2686a31d8,train
08c55004fcc5d,train
0180e3919bf7e,train
1e9765a4420ee,train
19756271af228,train
14f1387cc26b5,train
145e6b7ed7f9f,train
0e774822e23bd,train
357544d4ac8d3,train
19ea1e4f88635,train
1ffbfda14d836,train
2ac2d2508c562,train
09741c347da80,train
2dec47bdca761,train
2d5fbf5cb834d,test
2caef69ea9e84,test
22e8303abc7a1,test
34fed9d7b4b58,test
003de9eb1e017,val
24bf72c165bbb,val
3424ab6bd6382,val
351c32c2219bb,train
30a012feda8d3,train
2a051d9170cf1,train
0abf4d1061f94,train
0af8ab4af53f7,train
1bdb9565d2829,train
31bac6d3452db,train
31130cafdd8b4,train
0cec0c3757071,train
1f30180e7c910,train
1f70a748f454c,test
0e37d6881ffb4,test
0b78dccb2b399,test
2b576076862e3,test
0d26ac8702744,val
0f4b2142aab09,val
26f60e0f296bb,val
1ab77c8d3102f,train
2377bc530c61b,train
387a050e7a7f1,train
0a6bc087b1d6b,train
2289bf386ff68,train
24d1ae87a06e1,train
35450bc1ed3d4,train
352ce7b650bb4,train
0f7ee24bf83f7,train
38829158c20dd,train
1d18af554ccac,train
2b00e212f1be8,train
08cb0e3601f30,train
1c185fd7d00f6,train
252f9bf2060ee,test
25ce02722a633,test
037f9cc0e7b2e,test
0fbb22466798e,test
330927031c84e,val
262261a17bc91,val
2e732dc6fcfa0,val
21f3f9b4d157a,train
37e673b06440e,train
299c8f3ae2cb1,train
32e9036a458a7,train
1c9c9ca8fcb1c,train
100adcfc468a9,train
2191d5a40f8c8,train
26585760371a8,train
0ea95eb5d6ffd,train
2457962eb8520,train
330d9158dd4f5,train
2d64422dea959,test
0116fb20894b1,test
3139c8376c20e,test
14ea35a087979,test
145fe41c3c314,val
145d5601ba7df,val
34655da26f09c,val
02e3ae88b64c3,train
15e2cc2e992c5,train
1ab00a38b3c61,train
25fd130fc8321,train
1055acc858d24,train
38b0d4ee30a18,train
0611a17453b19,train
202887a53ae80,train
33ab4d0d2e3d2,train
19621473c25fa,train
2d99c2bef871a,train
1b73562b36a87,train
133dbd2fc9ab0,train
0a2d71cd2d154,train
188b36d0fd181,train
1166686679c9e,test
0a0a42c45539f,test
03356e774850d,test
28647efab7020,test
35bf56d9090a3,val
2b5bd02bac277,val
0d2cf93e2f06e,val
21ca5f2722f1b,train
2d8983cb91d12,train
23a51aa120013,train
04a17ec55712c,train
332199bd0dd68,train
0387fc0de9b3e,train
1feb7e6d9e159,train
0149d4f28b929,train
0d7e6784e00b0,train
27a7401c390b4,train
2113166c3296b,train
1e427e660b5f0,test
388cce936c3f4,test
279a93026c224,test
17390ecee33bb,test
28de692a64815,val
05e057ec61e57,val
288d7f5c911c3,val
25dcfb57b3897,train
1de92d36598aa,train
34dfc38d26977,train
1d932cb86fd59,train
27d897148c933,train
0818ddebf3188,train
353cd0fd878c3,train
032738266c9da,train
33053f7cbc26f,train
0f82f7453d753,train
2846d1e5b3022,train
0fd4e5f6878e4,test
38081447a9e3f,test
0e805a2a67877,test
00006e748e21f,test
336cf30c058d1,val
2c7da2f32631e,val
06de36fee2595,val
2e125917d6449,train
2b597efb40d8c,train
1a76193dee297,train
0e4ab6c869196,test
102616deb10a0,test
0ab15e57cfadc,test
2b416a9605953,test
33ffdd4bec8fc,val
04721daee19cd,val
348939a5ced53,val
1959bf6e6e7f6,train
17fbbf4411cf5,train
022f73dc39db7,train
2a95207b64a68,train
368a88d3a7c55,train
2b2ca87c66c98,train
086b54f52c5d6,train
2573bda603337,train
1b0c70b5b9861,train
2cd9fb888aac5,train
22e7b19762bc8,train
1511e9a560608,test
311f2eb2e84da,test
13d0a78d60b36,test
1841e2f3162cd,test
2b067125d116f,val
2bf793ac7ede9,val
17c2f683ee873,val
0c9226777b0f8,train
35f00bb831742,train
0d5b507e70f91,train
1f8f44de2c416,train
05ad16b0bda61,train
16c6264e4bc0d,train
065e59945f0aa,train
20e692a0fd6d6,train
2fe8eb3490378,train
382fffeeba0c4,train
010474f38a5d1,train
0bbf57ebb3d48,test
380c085ffd63b,test
19acbbdac9d78,test
29ce8eb6bdc69,test
1c6ae3439ede7,val
07b5a81e6dfd3,val
220e4a33b8edb,val
02d1c04d1dd58,train
1b23ef1c495e0,train
2c89a60d76634,train
0dba4b2b0dce7,train
10050cae2cee6,train
00f0062097f10,train
101debfb7479b,test
28000b796c537,test
0b381c29e0fc1,test
0b3f0bcf9f008,test
0355305620e88,val
0ec5c7c40dde0,val
203449e8e785d,val
3346ebd698d46,train
364549c79177c,train
0e7668ac7342c,train
0f542c5a3ecfd,train
0c1ed4ccc6bcc,train
18d92cfb8ecec,train
1ce8fd763013d,train
2498a75bf3724,train
0aae3b46b7f9f,train
1d6e4dfdb6b35,train
389386f309a36,train
389ddd96fbbd2,test
2c688f86d3ddb,test
1e4fb37a12f5c,test
277176599ac0c,test
281da28e2b17b,val
2978b622bcd92,val
2617f8fac6f42,val
371cbb768de97,train
242d28407ad64,train
207639ab8ed3f,train
1e8f45647ccef,train
176bda007674c,train
2f2e18001475d,train
001dbef3d3071,train
1d7598fb1e67e,train
0e2636f3aaa14,train
22f630b9c024c,train
14f69ded7a9a5,train
1eaea45de2682,test
0de4250fe0118,test
25f6eb59bcda6,test
1d9b719217066,test
11d8d77cbbc99,val
210eb0b0673a7,val
1751775e86f19,val
2da59f8e58f92,train
2719bce9b47e1,train
1915802f4cc88,train
256ae2e390f34,train
30e95e8dde46e,train
029188632a37e,train
07555c477e20a,train
17d5ea661d5a8,test
26ac6e67d2aa5,test
17f782caf5090,test
34fe93d71fc95,test
20cdd38c51de6,val
1039b80531960,val
30851317089ab,val
34aed79f12f18,train
30ac0c123275a,train
2b3272451990e,train
0670a803e8656,train
365d4067bb066,train
2ba9967ea519e,train
2ed685e547ceb,train
02a13ce5c06ba,train
30e53f3111695,train
06da954a7b841,train
358c1a237151a,train
0cc5767486e4e,test
2d55c0dd8eddf,test
29be708134a0c,test
0a6da93ec4f3a,test
25119a8e05c48,val
05081927d3226,val
24aa9d2cc93dc,val
04cd53a71e2cc,train
2ea852804119a,train
3184d03e1f3c1,train
382080470bf47,train
283c8af17633b,train
1e7ad10d1aeef,train
2c5d2bf330775,train
0c4685c8de845,train
016fefad9b6d6,train
21c7f73b08b7b,train
1cc9997a5eead,train
015bd788c5ef3,test
0d40d8c6527a4,test
2f9e71dbfa25b,test
181b07743ec16,test
14736f8b7c2b4,val
28fe3b2f78d20,val
0e38f43d5e427,val
0c00c0e213d40,train
1796361615871,train
1126176f2e3bd,train
2fa61a7f05e6f,train
0b877eadfb39b,train
116ca9aded2a7,train
05d73ed53d1d4,train
3731e6d33e840,test
1cf992274b3c3,test
2a02621286e90,test
1245b2e8e8efe,test
24d4bbf19d1f4,val
006e746949af7,val
2138b6b96eebd,val
3395870e443f9,train
155b74da0b48c,train
00d179231399e,train
0743691ff208a,train
2bcbdbeb45aa7,train
32090fc733fef,train
24065ec29b998,train
00d3b6f84885e,train
31f68c2af39c2,train
2bc42e519dbf8,train
0f8799dd09d34,train
14f20fd5d986d,test
2376d5feb07c7,test
3743b38ffae29,test
00356970831c4,test
2aa3fd9b298e3,val
035e678a4145a,val
312d66d6246e7,val
32146d3952c79,train
1c1717708f493,train
085ba47bfa2cd,train
10402bde90bfa,train
28bc4f7777fce,train
06503714a0baf,train
0d1b73c36f596,train
16d1ab5ee1355,train
3507ea80c4855,train
295196e3a0ac8,train
18d1a40c48a66,train
38a0cfce7e391,test
2821381ccc52c,test
08454da7ee059,test
095c91731c922,test
0aa6f22aed9a3,val
314ba93e87896,val
0c6a14c92f3c8,val
16e03a08a771a,val
07b84759c9200,train
3596240459ab7,train
02e593ee73804,train
02543cb9446bf,train
0b1b7227b608c,train
10b559b9f22ef,train
18d65ae293516,train
0b85f1da48a5d,test
234b2f16a6875,test
117ec4a2e2079,test
36ede6044ce5a,test
2c6e161b3d737,val
2c5f73873cfc9,val
1ea590c77b9d1,val
0d96af091866b,train
29f0041ebf607,train
36d07cd199bd8,train
17bc79679fa56,train
2a40e1843e1a6,train
1534bd9009a1d,train
354dce33e43f8,train
0f35fdc499ed3,train
080059b535120,train
111c22175a358,train
21d77710fb766,train
0b302edd206af,test
0330d0469feb2,test
232cb91b71ad2,test
1661a08f1df40,test
2cc03ca99e3cc,val
1c329d648987e,val
26041c5f210e5,val
0316858620e00,train
30cf638fc293f,train
0d8537fd05db0,train
062f4273d040a,train
2644243ba50fb,train
243bba04e07ef,train
1ea3a78ea6657,train
324c6cab79571,train
365e14e2fee71,train
182244b374f27,train
1263459b07902,train
20740046615ca,test
13bd5f9c83edc,test
377cdfde527d2,test
1f6eab2277124,test
320b7db63a345,val
2c2f779431ca4,val
247b3b7bf355c,val
305e942a43e45,val
0244752bc5021,train
2fc27f36788de,train
102d500e7fa82,train
22e93d2c5d943,train
20cc6ea46552a,train
20954ee352909,train
1d127fc6d02f3,train
13a6107e49dc9,train
1cf75cccdc0cb,test
2643413b48880,test
0919271c87127,test
2b71c8771b5cc,val
036280fa82054,val
2612c43bad680,val
1884dc1d70efa,train
070b970351ecc,train
1e98deaf2c61f,train
19efefa5a3022,train
1fe6608560c06,train
297bb2318d2cc,train
386682a24272f,train
102738bebc42f,train
10d9bf706acc5,train
1bf3b9ac12f5c,train
34b0b6c06292a,train
1701c11099a17,test
010d1c7441bee,test
011dbe93ba811,test
02fce1ee33ccd,test
05213f9366d17,val
1c9de3cac5fd5,val
2534e7c258acb,val
05488b2a47e1e,train
0e814a5a31a2d,train
2cb98279b2453,train
1f351d44eb5d1,train
3123ecf092926,train
2a32f16717a92,train
31d4ebe457ed4,train
1c1d154d0c245,train
328f75f6f3a6b,train
006d802612bab,train
1cf69f217fec2,train
14c22acfd96c1,test
1f0d13f30f176,test
3682e8aa6b4de,test
2399049cc7e68,test
0e56a7325b67d,val
052a2285eb05f,val
1e30efb6f3992,val
099fe22be1419,val
0687060c00320,train
18f05770a3cbc,train
0f25d636848d2,train
1ed7e643e2545,train
1deabbd01ce23,train
05dd33170987b,train
2d8cd28c6234f,train
389120687104c,train
0a80d181a2930,train
1510bd054879c,train
2685eb155400a,test
0f1a4ec84b18a,test
18772864d7f35,val
07d81e1c2efdb,val
115bfc3c48b4d,val
349d37f52a464,train
0a7db2eab46a0,train
231ba796dd0da,train
0bfbb8a521c84,train
1e3d7b2e63a91,train
1f1f146d020da,train
25b52180ba62c,train
0ddc951b63522,train
1b11602fb2df0,train
0152c0a0083d1,train
2629b3fb51dd8,train
3723f43f42675,test
19976ff06ec76,test
1c834c63d44c7,test
07a7663a9e3d7,test
00359502d97f4,val
16dfabba5e0bd,val
0952f55323c56,val
02e41cb94aecf,train
0234262b5c7ad,train
31a30afaf9090,train
1dbb6b25b50df,train
20040657031c3,train
007378ce8d751,train
0cc2a5a3109a5,train
0a4e551a42266,train
1092927cae2f7,train
329f8db0847b1,train
28d1852c4581b,train
2a8cc12becf14,test
13bfe59c3c45a,test
033c56ba111e3,test
08ade69a77ce6,test
0910ceee8de42,val
20a7c35d6f2d3,val
2587c741d7f80,val
0c0579d2ed5ec,val
00dfe3415fad9,train
24a55ac39508d,train
1865f118f9d75,train
0ef99cf88d9a2,train
374f8579af72d,train
213a589b523cc,train
09066e0d5248a,train
2e8b33eaafd96,train
0d80b12d14460,train
0cdef42fd289e,train
2002cbe89da5e,test
37555ebaf0a8e,test
00b026451f27d,val
04dffea1bf332,val
0be7710eb43ab,val
279803328177f,train
0b45b759158f1,train
2e2bf862e2f0d,train
07ce3b32009ea,train
0eddb5c7c8865,train
388d7af56ca61,train
37cd4f01adcf1,train
0f28aa8c87286,train
1db90b5a98738,train
20ff903e8deaf,train
18cb1fa6e1f08,train
0117bf41a8ba4,test
1fbebdb612fd7,test
0449819e74c4d,test
365f316f44657,test
1409a18a0c07e,val
142091ea1bec5,val
2151cb7f5bf27,val
12f05bcb88585,train
3345bc07312e6,train
23f2ee3db68a5,train
0d3b539fba788,train
09e9ea13fe763,train
0bd814421913c,train
2f0368ad1222d,train
0d7dd643a572d,train
1300d8c037c5f,train
2ac1576d9cab9,train
00dbba428e0e0,train
31678d71dacca,test
323bb08026dd9,test
32448aaa9766e,test
253c3f48d041b,test
2c53ae61d084c,val
14a884bd9995c,val
254fc5ae95c7d,val
1e769ea224c6a,val
04235e6b6e44e,train
0f5dc1917ac7a,train
15eb37af1a34a,train
2c54d669a003d,train
11c0de652b9f1,train
2596ec180499a,train
291d6c769081e,train
02b78ff62aea5,train
28e6fb9e06656,train
0700d2e0173d0,train
06a7638570e69,test
25dbbd60af8a5,test
1704359da0b4e,test
0bd7991c6d0ed,val
0efa2f7230fe9,val
159bb65651a66,train
337b2fd60e14e,train
17f8fae3951cf,train
24a65142995f9,train
21b9fc1bf7d4c,train
18f33f80eb118,train
189215f4872f5,train
069a59937d5c0,train
304937ea33aab,train
1350e3d5ab28f,train
017e4dc5e6dcc,train
30e72e4001701,test
21215d4ffccdf,test
3698a3a71c609,test
1f4847cd815a7,test
29b780b287959,val
230ff9dd63b46,val
07357dc5d5739,val
0dd7d371b9f8e,train
08375bca457cc,train
13af8fb84fbd6,train
19c2cfdc65420,train
1c7eef5383ac0,train
138881ee57795,train
1d160b28f2ebc,train
10b9542e5af99,train
24c2a74ec0035,train
046da37347870,train
22202b4d79e4c,train
0d9b1eb4f8a63,test
0794766935924,test
384ccc28a73ed,test
159d994784cee,test
0f003a7918c95,val
215982f92b4fb,val
2c202bd883875,val
17eef3e2537e5,val
349a2d05b21ec,train
0bc2b6f3ea87e,train
0fff390c0881e,train
12c15f0afc420,train
08bdbf9e265a3,train
32cfcd057050c,train
37f0e4f43b380,train
1999af6cd4ed9,train
1c232e9f5ae9c,train
0957ec0390359,train
1b066e8880957,test
3466fe4b03cb5,test
01abcd48895f0,test
0f638115db5ca,test
19fe5361d0c80,val
0af81759ab3be,val
33701209626c2,train
28c842f9442b1,train
277f2b44e1b1d,train
085ada1ea6695,train
19d0c6f6b94f6,train
2e1ef8e7af2fe,train
181eeb0922211,train
04c34efa1a8c3,train
26142a6749f9d,train
1c0203a9c34cc,train
296d72e468911,train
06636d31c99f5,test
25d83acd1236b,test
2779882276cb6,test
0fa51fa161dbd,test
0cc0b8c80a513,val
3614f186f6b5a,val
089809a945bca,val
13f08dbdd25ae,train
1b740c6a00391,train
19b515e2b9297,train
26ccdaec4ea30,train
31b0d158c4f35,train
0883af3e28784,train
30be2550f3875,train
010ebc69d0971,train
09ff8c39360ef,train
0aa46af0d7297,train
3585369325ee7,train
3857f1688c8e5,test
2f953bea4d95f,test
2ff42b74b10b8,test
35e69265a7218,test
2445d550b32c0,val
12a25bfa4878c,val
0e70a103526b9,val
2f63c7605a178,val
00389dee7c622,train
338b906f9b26b,train
1518efad008e5,train
11baea35d973f,train
383bd0940e646,train
00abd8eb83219,train
27d0c5a4da577,train
0eb550fa1771a,train
27e9b542d8d4d,train
269fa1cf89929,train
0a8bb746f5d4d,test
02d769c3bb9f0,test
01104608d24d2,test
341c8b2207864,test
0dcef5c7b6347,val
07b44e8daeebd,val
030513f8d6099,train
158811e4f06d3,train
29f10b7cf7a4b,train
2999996f949ae,train
2d260770a506f,train
290e7d2fede7a,train
0c132a7478465,train
048736d833d7c,train
227faebbac5bd,train
38c46bbefafe5,train
04c37ca125320,test
076098577f35c,test
1f8e305b13ec5,test
1cf114918a527,test
2cd84995d746a,val
2b5cc5f780f8d,val
13c00de248c5c,val
102c98008943d,train
0919ec065e77f,train
0e6ef081e5658,train
00194098053b9,train
21f3d9541719d,train
18160cfb6c0b9,train
2e8d3470c4de1,train
1035bdc6fc802,train
2cb16be8b16e7,train
1289edc7ea393,train
20d77ff531a99,train
11da1ff9c2eef,test
22611bc20303a,test
026dda543de43,test
1ee82f4c2b58b,test
159988f331978,val
289f9b6e52350,val
2dcb6675b9329,val
178bf886a3637,val
133a7e4a8c8af,train
139e071ab8cac,train
3073eb9d250ab,train
31de89709e4db,train
23afb07b915c3,train
325c82827e847,train
0e24b1d211cb4,train
276c6bc0ce815,train
2aef26cafaf18,train
082ef740bf89f,train
2fd5e2ad33b5a,test
2c31c4cb46725,test
1b39b30f6165a,test
0a606a7b67fbd,test
319bbe309217e,val
29336ccd09624,val
220cbdd324bfa,train
3248b0a7db79b,train
29be59de52179,train
35a95549f2192,train
025f56a524cfd,train
1c1f9c5cf65e2,train
37aa1d6190777,train
288b4b8b571c0,train
2a8cfa210385f,train
379baace42828,test
0d2b6f3c704df,test
006428e5f31b7,test
0733165b6e44d,test
2c846dc89982f,val
02b20ef47e19f,val
31175ee6e2ab1,val
2cd3f89d31868,train
21160212b0ee4,train
0c1f916c7974b,train
04680d94a87a5,train
17590364491b3,train
2ca00b529d93c,train
1aed68d88695c,train
0a882fbd7593f,train
0a39c9a1eaac8,train
1a6a84d17fdbc,train
20346c852c498,train
20ba9e27de393,test
2d3d2946503a5,test
2ff4ae46ff0cf,test
2a5e4c292d23d,test
22de82f8d7f75,val
1aca1ccc008b0,val
21bc61d46f4d5,val
03d91f742ab67,val
06d7b645d87a1,train
0135e82a92bc8,train
2421ace7ac47a,train
07e414a453ade,train
354e38fa51531,train
32895735175cc,train
24f61da3d0757,train
32df61d4ce12d,test
0700b8dc1f9e5,test
189f43ccd84d1,val
1aaf78252d6a6,val
14e079ac59e29,train
18b9c1cbfa44e,train
2d07ee56cea77,train
29bf91942c0e5,train
108ce04cb9c97,train
294859f4a234b,train
2f153b149286f,train
29055a1ab5c95,train
1637551f47e4b,train
09a9446202f0c,test
26f950802b867,test
2294042e32c77,test
1d53b6832cff5,test
2e5800447cb8e,val
0ddc53e6ea9db,val
0d74c16f7d55c,val
01c131e9224e9,val
2100202eab8ce,train
0ad379f05e815,train
2116da40e024f,train
33f07653a77f3,train
0a20ae7ab29a8,train
04a5c0b0e1eb3,train
2ac79b9bc2d30,train
1f652d30a8706,train
116564af372e1,train
10062468937c1,train
26f852dd17191,test
1d6d6c9e6da4e,test
2a634bd858e5e,test
253038ccc8870,test
3682527e15097,val
0bca5eac53fed,val
01265292b4255,val
3535abed1c421,val
294259b41a4d5,train
099ef9cd3bee9,train
0c9e352255946,train
289629bcf1624,train
2899276b6f8e1,test
1151d0103bb2a,val
05c99d89e232f,train
2185c5203e732,train
290714ced00a0,train
1006217740a19,train
0ad8acc77d76b,train
2cb56de5d7779,train
0898a5f51ab82,train
036011d4fec02,train
0815c832fd435,train
03d823aaeacb8,test
306c94d369efa,test
1fff4a180058f,test
36cdbd435ec7b,test
2211d46aad0ed,val
231562cf6340d,val
0c88e259b5ebe,val
0f8baf9f88d65,val
084f0c37cbb7b,train
1204bf92736dd,train
23aad03ecfbdf,train
383af9ba4e2b7,train
131187e030520,train
11290a71ba819,train
15661efd5fe7e,train
217b121353da6,train
2b47bc858d50d,train
238d31dd15609,train
13375e0be38b7,test
052d461930f82,test
2b35cec0b11e7,test
08a5c0a0aa106,test
11708d52439b1,val
176303eb21aa4,val
052587a898962,val
35e9a26b146a9,val
359a021ecff3b,train
0b06e9db29e59,train
370b3c5b30cb6,train
34256d26a57b3,train
263e38b3c0183,train
36c8017391150,val
201b3ac3fe9fa,train
14fc4ed1adb90,train
02b5ca7d41fd9,train
1ceb6ad5aa44b,train
0f1cdb402a933,train
08b301451a926,train
21e96dc00462e,train
21496ee6d26f2,train
1485f8d768868,test
11a1a3b31c98f,test
1852324b18ad6,test
154f216cde59f,test
0493c8c60cf44,val
2051fe587b9fa,val
18b0c68ea3a72,val
059ecc51a6eb8,val
0f8b212553157,train
08a3dbee6ba69,train
12c889571dd65,train
37d10df2baaf8,train
16a0f1aaf688a,train
1e6bb277bbb0b,train
0cbbecac0d9db,train
27277369d32a9,train
178fe534230e6,train
3680b53536b01,train
0142b8cf1d7cc,test
0daa98b0fa984,test
19fefa95dacb2,test
0c1bd1b9f28e8,test
279ce8bb41cc0,val
22dd3bc433aaf,val
2883412bbd33c,val
386725ab0a460,val
2b5ba267e0876,train
135bae240e490,train
176b8b167e267,train
1ab4b721f09fb,train
2293e1d229274,train
37a903a93b3b5,train
103c094153d3d,train
324acf526c94c,train
05acd0734e61d,train
162380909b754,train
201ac098497e3,train
17c2eea29adf2,train
07db3bda41dd7,train
17cac557bbf90,test
2e89b4a29bdf5,test
2db01489d5fe9,test
31713050dcb16,test
0d30a41cc5abc,val
1e4b7844c1eeb,val
1a2bfa45dac22,val
19e44d6ac589b,val
1cd1a55dd5bdd,train
071f9ec41753c,train
2887cc08c1e51,train
204849b1517bc,train
1efe5464c7fd7,train
21efad0a04d51,train
25a48d5c9950c,train
342c16fb33cd2,train
127616ad8e27a,train
105bb12d144d3,train
03f504d41b5ed,test
33a20b5ca9bac,test
1a0d35e2023b9,test
0cd1bfcf2c269,test
36b64eb5ad29a,val
23bdf893a5e19,val
10f96f8bf579f,val
27506885b39f1,val
26d5bc3ba686d,train
2ee363081f48c,train
1aefec71b2aca,train
0b9b325df2ece,train
22f7d9df58c47,train
2f5121c5c9d7b,train
2b93ff3f2cf91,train
207552686cc3d,train
2a330d2e3fd98,train
25b3237477253,train
2a5fef9c1efa1,train
30baa768e3aa4,train
12975d7e47066,train
25e74b8e23863,test
0b4109f2dfc54,test
1a85f88a78bcd,test
2e957bb21db9d,test
2df4e54c364ae,val
04524f68c64e3,val
0f0b43823a265,val
0e44c624a3d96,val
234b9c7237b46,train
0bb5150af5d7a,train
355db477cae31,train
0b3ac12926d91,train
3195a9d2ab7c1,train
214be1dbb06ba,train
0df624ca060f8,train
23d473ebb0405,train
06708057af883,train
0d8fea0861c38,train
0cef82123bd6c,test
11007d41b37e3,test
2cb1b93ae0057,test
30790a5013f62,test
00cc2dfbdd6c5,val
13fb09f12c420,val
25ac8f14a07bd,val
32d66794b087e,val
19be83677421f,train
3093a81eface5,train
127f2eca8ca1f,train
17b8d10c77642,train
2794203737f60,train
15655d0fd9ef2,train
10870eceb0515,train
2a3ee80da6037,train
344cb3ea35ffd,train
13107a3a62dc6,train
2ee4b6f3d0b28,train
371b132b0808e,train
1ebd26368a58d,train
1085695238189,test
0fbe5cb2c64bc,test
24979c73895a7,test
27a45ac392cdb,test
26bf85d702152,val
23ebecb47bf2d,val
0244d7707eac5,val
1e42b69fa95f3,val
024eb18a6e0b0,train
2c056b8a4f439,train
2dacd30cc0879,train
2f86c879efa4e,train
307a9ab189063,train
0b92a07957f0c,train
20bcf4d59cb9a,train
083945568f8c4,train
2e26cf52c2f66,train
0bc89802defb2,train
2a4ef8c572081,test
28767badb493c,test
103faf3a9940d,test
03f6061f67fe7,test
2ba0153a50809,val
056b9bab70f42,val
1140e60c809b9,val
1a86193d8f302,val
0530668f749ac,train
33687a16275c4,train
336e4e6026a4c,train
26277af55f4a5,train
0e1b6e7a0b1cb,train
2b6bfdf02323e,train
29cc705b4c118,train
13e86800d4c5d,train
0f0c3874d07a4,train
0b204602c84a0,train
2f4529344f5e0,train
0f131e50dafec,train
0b062d3258ddb,train
042509556413b,train
045a51e38d88b,test
03788dca1d7e8,test
1a80c93bd0b88,test
12433af9b1c57,test
162272a962130,val
0807c967a7287,val
1b7d3e44a444d,val
037a8e786c273,val
0ec0b1f5d70b5,train
104fabc938d1d,train
177238376727a,train
101b5b25f3d4b,train
0d85854ab2a18,train
1cdf591c28611,train
1c8cd69542fdf,train
1015a520f919c,train
32258a37a9862,train
0b0f566feb3c8,train
0be8002adf321,test
188dbee4a99c4,test
2867c9fa7d4b2,test
1b63aeb42c720,test
3557afce8c137,val
020c59c3e75c2,val
377245147bdbf,val
02bbdf59d26b2,val
1abcd02074c88,train
019909518206c,train
23784b72b116a,train
20dba7c0c8fe5,train
1094057722ead,train
2e0813a4673c3,train
3041d18c51fad,train
2fc5ef34f21ca,train
2649f5a7c6b15,train
2253281e2cdeb,train
03fd260b42ae7,train
20d190921216f,train
1a302aeb52090,train
088e86079f8c3,train
3155d25cf6c2f,test
15ee10b1c3eb9,test
1ba627913ed6e,test
322c853858688,test
29df5a0c1461d,val
041f7b17c2c0b,val
1bb33aaf933b8,val
3178ae3342c90,val
10ede07d60ce7,train
34317e5b6170c,train
0f10f9ba9800c,train
22c02c0e4ad3f,train
31fef03315722,train
2c9cfe81ffc1c,train
104e4ac81917e,train
266e28e963861,train
38aa598f3fa94,train
34acb3c78d458,train
08702195ad767,test
2927c4707612e,test
07894a97a0b17,test
0c3f00625b1bd,test
2a8364f1d9880,val
0290e02d3f196,val
160addb357932,val
0fe4ccecd303b,val
201875c19d45a,train
12380c501876f,train
0aa34f3e6de7c,train
14fa5e72bb330,train
0b55b27c2479f,train
377031959b166,train
0aefcafb8a978,train
1a544e4428ace,train
016d3523d33ac,train
388ab39a27dc2,train
0694ed85fc463,train
0cbee3aad3885,test
0a7fa6fe9d5f8,test
179066e13e8d2,train
31f33dcb3ac06,train
0416d2d17d167,train
03df532fee16a,train
007013344b967,test
27f8de21dc084,test
2c257a96238b0,test
19f54508c00ac,test
288e760e3b9de,val
375ea22d09c82,val
13aecdfb19446,val
04aa5acf4cede,val
2270d97a2c449,train
347f817733914,train
015c5674fddb9,train
32cc38e3c8b14,train
07086df8ae251,train
0170a6d09d129,train
071b0ecbe282e,train
382f6219fc943,train
2fcce11bc13dd,train
0729ee7cdbdfc,train
113c1719c74bf,train
040c492d13e88,test
0be8b3edd5851,test
2891ac7db3513,test
070cd81a078df,val
1e160e3e6ec47,val
36120f61bdf40,val
1cc87b3a40c57,val
0dac788552b08,train
1e32bf8864543,train
0c5d6a80cdc7f,train
0281f82c47e5f,train
0e0d62aabfaa1,train
03a22cbb73dfe,train
1c95941795364,train
218f3de88bac8,train
12dc0f2ae9a18,train
327a0b9a8d41e,train
317570d93ff65,train
2a0a374eb5d2d,test
1d617c60152d6,test
1f46c94f94523,test
09cfc17c3154e,val
166e9e039c38d,train
26c4c54a0c612,train
312f345712728,train
116a2e120e983,test
0c406f70f1a1f,test
382d7c2961f21,test
32a2431c43209,test
237ad0450b5b8,val
0edfad9fedf51,val
2a013279eeed1,val
0b15f5fd775ba,val
05221af13a2d2,train
0e4472604493f,train
05dd2255b42e9,train
249b544d1a86f,train
34cc958a09f78,train
3674e6620608d,train
1dbcf80dbb06d,train
09b756b818850,train
12168eb1d57d7,train
0699bf81631a9,train
27221f275a790,train
312b68a0514f7,test
082b54448effd,test
0e6c348b58d8e,test
30640783f49eb,val
2cdf1e849f45b,train
0b6097fd01696,train
099a67017fedc,train
0753d99689e53,train
24adfca7e5d2f,train
10e5178e907d9,train
1ca4e694cc74b,train
27d73e37a2282,train
2cef8f18da697,train
05aab9e7a11b6,train
1932c89f359e8,train
08583c3f7704e,test
32ea440accfaa,test
1640350017a6b,test
387c40f209f4c,val
12c1ba62b8582,val
37c1042103404,train
11cab2d8e9d00,train
28957a4410a83,train
15517b5ddb66a,train
1ed4ce809f109,train
09764994e54df,test
0b7283fbc293e,test
163903a3dcba9,test
33d4d9cbf3e58,val
3858d82195a98,val
2602bbef1bc5a,val
070d2b9f1b4ec,val
10f92dde978dc,train
2438220153d31,train
344b672cc069f,train
196c0caac4102,train
00e49dac9b133,train
1ec280bad5482,train
10938c30aaeb4,train
2cd5a13ad58a2,train
33941602d3968,train
357437ebbcc22,train
2fdeeb60af1e8,train
1fdd0874d1c74,test
059e2ee166506,test
3775ef41f3d28,test
1833e9f135635,val
314bf57b8df34,train
1d5a4b421ab76,train
30910b7cf3719,train
2f65fc1db41f3,train
1c0c2bb18e641,train
01e0b1db4ffbb,train
380277adbf7bc,train
1414e54d914e6,train
20c25524c39f7,train
298cf468583f2,train
26af0ce77d166,train
175aad5c8f9c6,test
1072ede81553e,test
032770ab52cce,test
02c57db9392ee,val
37231ec101a3a,val
2a33b23b55fe7,val
1baee55802374,train
1754df1eef15d,train
113a1e715f8c8,train
248d16c02e348,train
2376b5ca888fa,test
34e0a71c9926f,test
1e208d88d19c8,test
1dc707960dbc7,val
24ffe11f1cf13,val
109155001cae6,val
32e67c20ad5f0,val
0054ece3960c4,train
333d78f458e0a,train
0321fdd951040,train
266d7674992a4,train
301c9d66f0a1e,train
0059cb1fecde7,train
2ee0a629becdc,train
17b1fe2abd01f,train
11786c7eadc22,train
02f84f0025239,train
0380b094b6075,train
2d3d7871cfd74,test
09fb85af23fc0,test
21f13c26ddd59,test
1abd34efc55ec,val
2fa22814b62aa,train
1baa3d5d608e7,train
286cd7e67a6be,train
281297c998277,train
196e275b2a518,train
011d1f49bed59,train
02cc9d3111533,train
160d2172d8c3a,test
335cc8f316f23,val
2a3d0b2814294,val
194804094bf35,val
19c56b2204cb9,train
11c59d0986037,train
29f387709acf2,train
091826877d0c4,test
1612db35c740a,test
35d7a45384b97,test
302f1666ac116,val
08e9a139cbc17,val
045a72e52b439,val
1060ea445f5da,val
2917ba62aac16,train
1a482659e3a88,train
12900473480a3,train
2259c423fdb78,train
03e959387b2e5,train
05ef6b7b225c6,train
2a03e72bf2507,train
02032941b9e83,train
00374c0749958,train
3285dc7f35ce4,train
1abdb374c82cd,train
2b89309b00ad6,test
2b32f6ad203ca,test
0bf518c123f73,test
2384626680973,train
37f067233c031,train
33c2e53da6bae,train
30001ffcb2714,train
138fadbfac771,test
02dcd6605ea4b,test
06fcbdaeaf8a7,test
0c7e0d5639f95,val
190da1bc44d7d,val
13fdc6862a823,val
044fe6ad96ea1,val
1c3ad2f81261f,train
0ee6e3416f5c5,train
37dfb14f69d07,train
35629ec3e8da6,train
226a4bf3f38cd,train
34cd2141ba510,train
32496cd4c06a7,train
167586c200621,train
12bcaf36b67a4,train
37fd2df860b64,train
199e74f832320,train
0fbf75c62a068,test
1cf7a7fab468f,test
01d96af4cc84a,test
1f79c49444906,val
0db9dccd37e4c,val
36eae54dc500b,train
09edab0855016,train
1b3db8badff36,test
32f5a599b8289,test
2e66cba150711,test
190868298eb3c,val
134d6a9b0ccbf,val
2b3a834e28d2c,val
1837df5b94d86,val
1c65afa4d19a5,train
0880db38b5a76,train
1816c8e5c0172,train
038055a39e73f,train
1364f5a075b54,train
02aa3c2457e42,train
11e03ab7d96ab,train
1f75ca6da9503,train
2a44afb90bb50,train
30f3a2c5d0608,train
06297b76c799e,train
1abc0c01ed710,test
104f1e1cf8bd8,test
07592997c32c4,test
18c465d9a120a,val
04bffcae20926,val
38b34abfbd853,val
12fedd47d0be6,train
00b664f79ef07,train
1a18a4ad9c5d5,test
1c10007753827,test
33d1ab208a8cf,test
0ea57b3c5a579,val
338fb77c6a424,val
17c7241b5185c,val
2feb1434cacbe,val
35e5e72f4b6ff,train
2b5989f867272,train
072a9244ee861,train
1332ca5faad25,train
2c1bfd6100bfa,train
0584d28b87a43,train
10940981d49b0,train
162c4a903b826,train
116de5cd090e7,train
0b8cad22d0d62,train
32aa3c8a26ae3,train
07d1a552aa2a2,test
17df0be826b82,test
2606760776b57,test
364f9d94958e0,val
061205a23cacd,val
14d30451974ef,val
063f958ccf112,val
28abf0aebde77,test
152685ce3170c,test
053a2ebbdc9b4,test
08a8d3c0a1e3c,val
1ce5698375734,val
1b69517adce97,val
08ce997e37a8b,val
376f12dfc75e5,train
03b9eb9fc8aef,train
32a53183928ef,train
109e85d731a29,train
2a6f0c2d6136d,train
1c862522ab925,train
047eddca56c52,train
351057251cf5b,train
0cdd684532cd5,train
152012c7b999d,train
297671a1270de,train
10732f10a6648,test
258a37e533092,test
04eb596387f56,test
2d6ebdfdad549,val
15f056e6914a1,val
03a1106e9178a,val
2e986a421520f,val
16c531e1a65a8,train
237eab034c3a7,test
3355a41bb2f36,val
1b50534211b5b,val
0929d52c09cd4,val
32cd587869436,val
2a937778a8c00,train
11b6faba9b475,train
0612870ce6f75,train
1c7ccb460abfb,train
2b0023f97765d,train
0e7cd47200433,train
2fea5b3854ba9,train
34a526bd612c1,train
12ebbda323ca4,train
363e32281d6e7,train
3647e17b5d433,train
057dc08c1eb7f,test
04d24f409745d,test
26a0b93b99f68,test
1549705abd8c6,val
2ff30479447b7,val
04d14db0137b5,val
2d701306340c8,val
2d1f4e70f9f44,train
3217f822835c4,train
33c8613c161f9,test
33f67cdcda4c7,test
173d7f7871c2d,val
1dec38a46a861,val
156e5df587bf6,val
276ea5830fdc1,val
308e75921ceed,train
0b4396686387e,train
079f1e7b938a3,train
1f735891b34fa,train
17682641bb12d,train
32ed3d76d677a,train
2bbde85749928,train
0481ed3c3934f,train
1bc1ab48793c4,train
10352df1ab7a6,train
01e9ab0495436,train
0e76ca19677e6,test
2919914acccd1,test
0f2e14ea3530e,test
1035608a63959,val
3186202ee1d00,val
0038d7ee7d392,val
087bb5ea96357,val
3137eb9c4e3c7,train
14551cc85a417,train
24b773d89b868,train
22d6c34a06c2b,test
328c62bf07b62,val
33d102f4a316d,val
27c87029d5af6,val
0714d0b820c13,val
32ae1f9e6819c,train
0de8f384844e5,train
32afb83b30461,train
159e31e78e1cc,train
16f06b3a7d29e,train
0b18813cdd183,train
2e779fa1c6082,train
26f6f9bfff351,train
2655d8768de90,train
1467c54430c60,train
0e581bb54ab79,test
078d64b137d46,test
0eabbd4758224,test
1c1c4a5cc2c7a,val
29c9f478dc6e9,val
093a3a16d545e,val
06ffdb1549cfa,val
16a8459833e95,train
350c4fc56c25d,train
1fa30d8f3af83,train
2668e9c664798,val
0afbb4471675d,val
1ddf21b532478,val
035e2ea679c2c,train
36f17bf5df8c4,train
09d8e108a48fe,train
1610c8cbed8ac,train
21b9b5ceb04a2,train
355efd68b4a36,train
38cb224799826,train
339d0d6f2ee8b,train
035d194244b38,val
032e730d8aa90,val
36d1136bcb1fe,val
0221bd17e59bf,val
03ef03acc1e2e,train
2bfbaa5791740,train
1fe891fe453d8,train
094bc9f70bf64,val
2ec748d154f2e,train
044af2d6e97a4,train
16e0fbd3a07a6,train
1f7672faf3a15,train
305e628113b22,train
1fb6b7c27d8bd,train
1f53c73734863,train
3152d7ee4d11c,val
2bd286804a2b5,val
09729387c89cc,val
0cfc759205f0a,train
13040e4153477,train
106f803e08525,train
